{
    "loss": 4.370227336883545,
    "accuracy": 0.5539568066596985
}